poste_1_10_1;1311
poste_1_10_2;1312
poste_01_1_1_1_1;1110
poste_01_1_1_3_3;1110
poste_01_1_1_4_1;1110
poste_01_1_1_4_2;1110
poste_01_1_1_4_3;1110
poste_01_1_2_1_1;1120
poste_01_1_2_3_1;1120
poste_01_1_2_4_1;1120
poste_01_1_2_4_2;1120
poste_01_1_2_5_1;1120
poste_01_1_2_6_1;1120
poste_01_1_2_6_3;1120
poste_01_1_3_1_1;1130
poste_01_1_3_1_2;1130
poste_01_1_3_2_1_a;1130
poste_01_1_3_2_1_b;1130
poste_01_1_3_2_2;1130
poste_01_1_4_1_1_a;1140
poste_01_1_4_1_1_b;1140
poste_01_1_4_1_1_c;1140
poste_01_1_4_2_1;1140
poste_01_1_4_2_2;1140
poste_01_1_4_3_1;1140
poste_01_1_4_4_1;1140
poste_01_1_5_1_1;1150
poste_01_1_5_2_1_a;1150
poste_01_1_5_2_1_b;1150
poste_01_1_5_2_2_a;1151
poste_01_1_5_2_2_b;1150
poste_01_1_6_1_1_a;1160
poste_01_1_6_1_1_b;1160
poste_01_1_6_1_1_c;1160
poste_01_1_6_1_1_d;1160
poste_01_1_6_2_1_a;1160
poste_01_1_6_2_1_b;1160
poste_01_1_6_2_1_c;1160
poste_01_1_6_2_1_d;1160
poste_01_1_6_2_1_e;1160
poste_01_1_7_1_1_a;1170
poste_01_1_7_1_1_b;1170
poste_01_1_7_1_1_c;1170
poste_01_1_7_1_1_d;1170
poste_01_1_7_2_1_a;1170
poste_01_1_7_2_1_b;1170
poste_01_1_7_2_1_c;1170
poste_01_1_7_2_2;1170
poste_01_1_7_2_3;1170
poste_01_1_8_1_1_a;1180
poste_01_1_8_1_1_b;1180
poste_01_1_8_1_1_c;1180
poste_01_1_8_1_2;1180
poste_01_1_8_1_3;1181
poste_01_1_8_2_1;1180
poste_01_1_8_3_1;1180
poste_01_1_9_1_1_a;1190
poste_01_1_9_1_1_b;1190
poste_01_1_9_3_2;1190
poste_01_1_9_5;1190
poste_01_2_1_1_1;1210
poste_01_2_1_2_1;1210
poste_01_2_1_3_1;1210
poste_01_2_2_1_1;1220
poste_01_2_2_2_1;1220
poste_01_2_2_2_2;1220
poste_01_2_2_2_3;1220
poste_02_1_1_1_1;2110
poste_02_1_2_1_1;2120
poste_02_1_2_2_1;2120
poste_02_1_3_1_1;2130
poste_02_2_1;2202
poste_02_2_2;2201
poste_02_2_3;2203
poste_02_3;2300
poste_02_4;2411
poste_03_1_1_1_1;3110
poste_03_1_2_1_1;3120
poste_03_1_2_2_1;3120
poste_03_1_2_3_1;3120
poste_03_1_3_1_1;3130
poste_03_1_4_1_1;3140
poste_03_2_1_1_1;3210
poste_03_2_1_1_2;3210
poste_03_2_1_1_3;3210
poste_03_2_1_2_3;3210
poste_03_3_1;3120
poste_03_3_2;3120
poste_04_1_1_1_1;4110
poste_04_1_1_2_1;4110
poste_04_3_1_1_1;4310
poste_04_3_2_2_1;4320
poste_04_4_1_1_1;4410
poste_04_4_1_2_1;4410
poste_04_4_1_3_1;4410
poste_04_4_1_4_1;4410
poste_04_5_1_1_1_a;4511
poste_04_5_1_1_1_b;4510
poste_04_5_2_1_1;4520
poste_04_5_2_2_1;4522
poste_04_5_3_1_1;4530
poste_04_5_4_1_1;4540
poste_04_5_5_1_1;4550
poste_04_5_5_2;4552
poste_04_6;4110
poste_05_1_1_0;5110
poste_05_1_1_1_2;5110
poste_05_1_1_2_2;5110
poste_05_1_1_2_3;5110
poste_05_1_1_3_1;5110
poste_05_1_1_5_1;5110
poste_05_1_1_5_3;5110
poste_05_1_1_5_4;5115
poste_05_1_2_1_1;5120
poste_05_2_1_1_3;5210
poste_05_2_1_2_1;5210
poste_05_3_1_1_1;5310
poste_05_3_1_2_1;5310
poste_05_3_1_3_1;5310
poste_05_3_1_4_1_a;5310
poste_05_3_1_4_1_b;5310
poste_05_3_1_4_1_c;5310
poste_05_3_1_4_2;5310
poste_05_3_2_1_1;5320
poste_05_3_3_1_1_a;5330
poste_05_3_3_1_1_b;5330
poste_05_4_1_1_2;5410
poste_05_4_1_2_1;5410
poste_05_4_1_3_1;5410
poste_05_5_1_1_1_a;5510
poste_05_5_1_1_1_b;5510
poste_05_5_1_1_4;5510
poste_05_5_1_1_5;5510
poste_05_5_1_3;5510
poste_05_5_2_3;5520
poste_05_6_1_2;5610
poste_05_6_1_2_1;5610
poste_05_6_2_1_1;5620
poste_05_6_2_2_1;5620
poste_05_7_1;5711
poste_05_7_2;5712
poste_06_1_1_1_1;6110
poste_06_1_1_2_1;6120
poste_06_1_1_3_1;6130
poste_06_2_1_1_1;6210
poste_06_2_2_1_1;6220
poste_06_2_3_1_1;6230
poste_06_2_3_1_2;6230
poste_06_2_3_1_3;6230
poste_06_3;6300
poste_06_4_1;6111
poste_06_4_2;6412
poste_07_1_1_1_1;7110
poste_07_1_1_2_1;7110
poste_07_1_2_1_1;7120
poste_07_1_2_1_2;7130
poste_07_1_3;7110
poste_07_2_1_1_1;7210
poste_07_2_2_1_1;7220
poste_07_2_3_2_1;7230
poste_07_2_4_1_2;7240
poste_07_2_4_2_1;7240
poste_07_3_1_1_1;7310
poste_07_3_2_1_1;7320
poste_07_3_3_1_1;7330
poste_07_3_5_1_1;7350
poste_07_3_6_1_1;7360
poste_07_3_6_1_2;7360
poste_07_4_1;7360
poste_07_4_2;7360
poste_08_1_1_1_1;8100
poste_08_1_2_1_1;8310
poste_08_1_2_2_1;8320
poste_08_2;8141
poste_09_1_1_1_2;9110
poste_09_1_1_1_3;9110
poste_09_1_2_1_1_a;9120
poste_09_1_2_1_1_b;9120
poste_09_1_3_1_1;9130
poste_09_1_4_1_1;9140
poste_09_1_5_1_1;9150
poste_09_2_1_1_1;9211
poste_09_2_1_1_3;9220
poste_09_2_2_2;9210
poste_09_2_3_1;9230
poste_09_3_1_1_1;9310
poste_09_3_2_1;9330
poste_09_3_2_1_1;9320
poste_09_3_4_1_1;9341
poste_09_3_4_1_2;9340
poste_09_4_1_1_2;9410
poste_09_4_2_1_1;9420
poste_09_4_2_2_2;9420
poste_09_4_2_3_1;9420
poste_09_4_2_4_1;9420
poste_09_4_3;9430
poste_09_5_1_1_2;9510
poste_09_5_2_1_1;9520
poste_09_5_3_1_1;9530
poste_09_5_3_1_2;9530
poste_09_6_1_1_1;9600
poste_09_7_1;9410
poste_09_7_2;9410
poste_10_1;10100
poste_10_2;10200
poste_10_3;10300
poste_10_4;10400
poste_10_5_1;10151
poste_10_5_2;10152
poste_11_1_1_1_1;11112
poste_11_1_1_1_2;11113
poste_11_1_2_1_1;11120
poste_11_1_3_1;11112
poste_11_1_3_2;11112
poste_11_2_1_1_1;11200
poste_12_1_1_1_1;12110
poste_12_1_3_2_1;12130
poste_12_1_3_3_3;12120
poste_12_3_1_1_1;12310
poste_12_3_2_1_1;12320
poste_12_3_2_2_2;12320
poste_12_3_3_1_1;12400
poste_12_4_1_1_1;12411
poste_12_5_1_1_1;12510
poste_12_5_2_1_1;12520
poste_12_5_3_1_1;12530
poste_12_5_4_1_1;12540
poste_12_5_5_1_1;12550
poste_12_6_1_1_1;12610
poste_12_7_1_1_1;12700
poste_12_7_1_2_1;12700
poste_12_8_1;12700
poste_12_9_1_1;12700
